<?xml version="1.0" encoding="UTF-8" standalone="no"?>
<!DOCTYPE log SYSTEM "logger.dtd">
<log>
<record>
  <date>2019-12-03T15:33:56</date>
  <millis>1575394436085</millis>
  <sequence>0</sequence>
  <logger>MYLOG</logger>
  <level>SEVERE</level>
  <class>testeException.exemplo2.MainTestLogToFileOrigim</class>
  <method>log</method>
  <thread>16</thread>
  <message>You can't divide anything by zero</message>
  <exception>
    <message>java.lang.ArithmeticException: / by zero</message>
    <frame>
      <class>testeException.exemplo2.MainTestLogToFileOrigim$1</class>
      <method>actionPerformed</method>
      <line>105</line>
    </frame>
    <frame>
      <class>javax.swing.AbstractButton</class>
      <method>fireActionPerformed</method>
      <line>2022</line>
    </frame>
    <frame>
      <class>javax.swing.AbstractButton$Handler</class>
      <method>actionPerformed</method>
      <line>2348</line>
    </frame>
    <frame>
      <class>javax.swing.DefaultButtonModel</class>
      <method>fireActionPerformed</method>
      <line>402</line>
    </frame>
    <frame>
      <class>javax.swing.DefaultButtonModel</class>
      <method>setPressed</method>
      <line>259</line>
    </frame>
    <frame>
      <class>javax.swing.plaf.basic.BasicButtonListener</class>
      <method>mouseReleased</method>
      <line>252</line>
    </frame>
    <frame>
      <class>java.awt.Component</class>
      <method>processMouseEvent</method>
      <line>6539</line>
    </frame>
    <frame>
      <class>javax.swing.JComponent</class>
      <method>processMouseEvent</method>
      <line>3324</line>
    </frame>
    <frame>
      <class>java.awt.Component</class>
      <method>processEvent</method>
      <line>6304</line>
    </frame>
    <frame>
      <class>java.awt.Container</class>
      <method>processEvent</method>
      <line>2239</line>
    </frame>
    <frame>
      <class>java.awt.Component</class>
      <method>dispatchEventImpl</method>
      <line>4889</line>
    </frame>
    <frame>
      <class>java.awt.Container</class>
      <method>dispatchEventImpl</method>
      <line>2297</line>
    </frame>
    <frame>
      <class>java.awt.Component</class>
      <method>dispatchEvent</method>
      <line>4711</line>
    </frame>
    <frame>
      <class>java.awt.LightweightDispatcher</class>
      <method>retargetMouseEvent</method>
      <line>4904</line>
    </frame>
    <frame>
      <class>java.awt.LightweightDispatcher</class>
      <method>processMouseEvent</method>
      <line>4535</line>
    </frame>
    <frame>
      <class>java.awt.LightweightDispatcher</class>
      <method>dispatchEvent</method>
      <line>4476</line>
    </frame>
    <frame>
      <class>java.awt.Container</class>
      <method>dispatchEventImpl</method>
      <line>2283</line>
    </frame>
    <frame>
      <class>java.awt.Window</class>
      <method>dispatchEventImpl</method>
      <line>2746</line>
    </frame>
    <frame>
      <class>java.awt.Component</class>
      <method>dispatchEvent</method>
      <line>4711</line>
    </frame>
    <frame>
      <class>java.awt.EventQueue</class>
      <method>dispatchEventImpl</method>
      <line>760</line>
    </frame>
    <frame>
      <class>java.awt.EventQueue</class>
      <method>access$500</method>
      <line>97</line>
    </frame>
    <frame>
      <class>java.awt.EventQueue$3</class>
      <method>run</method>
      <line>709</line>
    </frame>
    <frame>
      <class>java.awt.EventQueue$3</class>
      <method>run</method>
      <line>703</line>
    </frame>
    <frame>
      <class>java.security.AccessController</class>
      <method>doPrivileged</method>
    </frame>
    <frame>
      <class>java.security.ProtectionDomain$JavaSecurityAccessImpl</class>
      <method>doIntersectionPrivilege</method>
      <line>74</line>
    </frame>
    <frame>
      <class>java.security.ProtectionDomain$JavaSecurityAccessImpl</class>
      <method>doIntersectionPrivilege</method>
      <line>84</line>
    </frame>
    <frame>
      <class>java.awt.EventQueue$4</class>
      <method>run</method>
      <line>733</line>
    </frame>
    <frame>
      <class>java.awt.EventQueue$4</class>
      <method>run</method>
      <line>731</line>
    </frame>
    <frame>
      <class>java.security.AccessController</class>
      <method>doPrivileged</method>
    </frame>
    <frame>
      <class>java.security.ProtectionDomain$JavaSecurityAccessImpl</class>
      <method>doIntersectionPrivilege</method>
      <line>74</line>
    </frame>
    <frame>
      <class>java.awt.EventQueue</class>
      <method>dispatchEvent</method>
      <line>730</line>
    </frame>
    <frame>
      <class>java.awt.EventDispatchThread</class>
      <method>pumpOneEventForFilters</method>
      <line>205</line>
    </frame>
    <frame>
      <class>java.awt.EventDispatchThread</class>
      <method>pumpEventsForFilter</method>
      <line>116</line>
    </frame>
    <frame>
      <class>java.awt.EventDispatchThread</class>
      <method>pumpEventsForHierarchy</method>
      <line>105</line>
    </frame>
    <frame>
      <class>java.awt.EventDispatchThread</class>
      <method>pumpEvents</method>
      <line>101</line>
    </frame>
    <frame>
      <class>java.awt.EventDispatchThread</class>
      <method>pumpEvents</method>
      <line>93</line>
    </frame>
    <frame>
      <class>java.awt.EventDispatchThread</class>
      <method>run</method>
      <line>82</line>
    </frame>
  </exception>
</record>
</log>
<?xml version="1.0" encoding="UTF-8" standalone="no"?>
<!DOCTYPE log SYSTEM "logger.dtd">
<log>
<record>
  <date>2019-12-03T15:34:30</date>
  <millis>1575394470612</millis>
  <sequence>0</sequence>
  <logger>MYLOG</logger>
  <level>WARNING</level>
  <class>testeException.exemplo2.MainTestLogToFileOrigim</class>
  <method>log</method>
  <thread>16</thread>
  <message>You can't divide anything by zero</message>
  <exception>
    <message>java.lang.ArithmeticException: / by zero</message>
    <frame>
      <class>testeException.exemplo2.MainTestLogToFileOrigim$2</class>
      <method>actionPerformed</method>
      <line>120</line>
    </frame>
    <frame>
      <class>javax.swing.AbstractButton</class>
      <method>fireActionPerformed</method>
      <line>2022</line>
    </frame>
    <frame>
      <class>javax.swing.AbstractButton$Handler</class>
      <method>actionPerformed</method>
      <line>2348</line>
    </frame>
    <frame>
      <class>javax.swing.DefaultButtonModel</class>
      <method>fireActionPerformed</method>
      <line>402</line>
    </frame>
    <frame>
      <class>javax.swing.DefaultButtonModel</class>
      <method>setPressed</method>
      <line>259</line>
    </frame>
    <frame>
      <class>javax.swing.plaf.basic.BasicButtonListener</class>
      <method>mouseReleased</method>
      <line>252</line>
    </frame>
    <frame>
      <class>java.awt.Component</class>
      <method>processMouseEvent</method>
      <line>6539</line>
    </frame>
    <frame>
      <class>javax.swing.JComponent</class>
      <method>processMouseEvent</method>
      <line>3324</line>
    </frame>
    <frame>
      <class>java.awt.Component</class>
      <method>processEvent</method>
      <line>6304</line>
    </frame>
    <frame>
      <class>java.awt.Container</class>
      <method>processEvent</method>
      <line>2239</line>
    </frame>
    <frame>
      <class>java.awt.Component</class>
      <method>dispatchEventImpl</method>
      <line>4889</line>
    </frame>
    <frame>
      <class>java.awt.Container</class>
      <method>dispatchEventImpl</method>
      <line>2297</line>
    </frame>
    <frame>
      <class>java.awt.Component</class>
      <method>dispatchEvent</method>
      <line>4711</line>
    </frame>
    <frame>
      <class>java.awt.LightweightDispatcher</class>
      <method>retargetMouseEvent</method>
      <line>4904</line>
    </frame>
    <frame>
      <class>java.awt.LightweightDispatcher</class>
      <method>processMouseEvent</method>
      <line>4535</line>
    </frame>
    <frame>
      <class>java.awt.LightweightDispatcher</class>
      <method>dispatchEvent</method>
      <line>4476</line>
    </frame>
    <frame>
      <class>java.awt.Container</class>
      <method>dispatchEventImpl</method>
      <line>2283</line>
    </frame>
    <frame>
      <class>java.awt.Window</class>
      <method>dispatchEventImpl</method>
      <line>2746</line>
    </frame>
    <frame>
      <class>java.awt.Component</class>
      <method>dispatchEvent</method>
      <line>4711</line>
    </frame>
    <frame>
      <class>java.awt.EventQueue</class>
      <method>dispatchEventImpl</method>
      <line>760</line>
    </frame>
    <frame>
      <class>java.awt.EventQueue</class>
      <method>access$500</method>
      <line>97</line>
    </frame>
    <frame>
      <class>java.awt.EventQueue$3</class>
      <method>run</method>
      <line>709</line>
    </frame>
    <frame>
      <class>java.awt.EventQueue$3</class>
      <method>run</method>
      <line>703</line>
    </frame>
    <frame>
      <class>java.security.AccessController</class>
      <method>doPrivileged</method>
    </frame>
    <frame>
      <class>java.security.ProtectionDomain$JavaSecurityAccessImpl</class>
      <method>doIntersectionPrivilege</method>
      <line>74</line>
    </frame>
    <frame>
      <class>java.security.ProtectionDomain$JavaSecurityAccessImpl</class>
      <method>doIntersectionPrivilege</method>
      <line>84</line>
    </frame>
    <frame>
      <class>java.awt.EventQueue$4</class>
      <method>run</method>
      <line>733</line>
    </frame>
    <frame>
      <class>java.awt.EventQueue$4</class>
      <method>run</method>
      <line>731</line>
    </frame>
    <frame>
      <class>java.security.AccessController</class>
      <method>doPrivileged</method>
    </frame>
    <frame>
      <class>java.security.ProtectionDomain$JavaSecurityAccessImpl</class>
      <method>doIntersectionPrivilege</method>
      <line>74</line>
    </frame>
    <frame>
      <class>java.awt.EventQueue</class>
      <method>dispatchEvent</method>
      <line>730</line>
    </frame>
    <frame>
      <class>java.awt.EventDispatchThread</class>
      <method>pumpOneEventForFilters</method>
      <line>205</line>
    </frame>
    <frame>
      <class>java.awt.EventDispatchThread</class>
      <method>pumpEventsForFilter</method>
      <line>116</line>
    </frame>
    <frame>
      <class>java.awt.EventDispatchThread</class>
      <method>pumpEventsForHierarchy</method>
      <line>105</line>
    </frame>
    <frame>
      <class>java.awt.EventDispatchThread</class>
      <method>pumpEvents</method>
      <line>101</line>
    </frame>
    <frame>
      <class>java.awt.EventDispatchThread</class>
      <method>pumpEvents</method>
      <line>93</line>
    </frame>
    <frame>
      <class>java.awt.EventDispatchThread</class>
      <method>run</method>
      <line>82</line>
    </frame>
  </exception>
</record>
</log>
<?xml version="1.0" encoding="UTF-8" standalone="no"?>
<!DOCTYPE log SYSTEM "logger.dtd">
<log>
<record>
  <date>2019-12-03T15:39:26</date>
  <millis>1575394766404</millis>
  <sequence>0</sequence>
  <logger>MYLOG</logger>
  <level>SEVERE</level>
  <class>testeException.exemplo2.LogToFile</class>
  <method>log</method>
  <thread>15</thread>
  <message>You can't divide anything by zero</message>
  <exception>
    <message>java.lang.ArithmeticException: / by zero</message>
    <frame>
      <class>testeException.exemplo2.MainTestLogToFileOrigim$1</class>
      <method>actionPerformed</method>
      <line>44</line>
    </frame>
    <frame>
      <class>javax.swing.AbstractButton</class>
      <method>fireActionPerformed</method>
      <line>2022</line>
    </frame>
    <frame>
      <class>javax.swing.AbstractButton$Handler</class>
      <method>actionPerformed</method>
      <line>2348</line>
    </frame>
    <frame>
      <class>javax.swing.DefaultButtonModel</class>
      <method>fireActionPerformed</method>
      <line>402</line>
    </frame>
    <frame>
      <class>javax.swing.DefaultButtonModel</class>
      <method>setPressed</method>
      <line>259</line>
    </frame>
    <frame>
      <class>javax.swing.plaf.basic.BasicButtonListener</class>
      <method>mouseReleased</method>
      <line>252</line>
    </frame>
    <frame>
      <class>java.awt.Component</class>
      <method>processMouseEvent</method>
      <line>6539</line>
    </frame>
    <frame>
      <class>javax.swing.JComponent</class>
      <method>processMouseEvent</method>
      <line>3324</line>
    </frame>
    <frame>
      <class>java.awt.Component</class>
      <method>processEvent</method>
      <line>6304</line>
    </frame>
    <frame>
      <class>java.awt.Container</class>
      <method>processEvent</method>
      <line>2239</line>
    </frame>
    <frame>
      <class>java.awt.Component</class>
      <method>dispatchEventImpl</method>
      <line>4889</line>
    </frame>
    <frame>
      <class>java.awt.Container</class>
      <method>dispatchEventImpl</method>
      <line>2297</line>
    </frame>
    <frame>
      <class>java.awt.Component</class>
      <method>dispatchEvent</method>
      <line>4711</line>
    </frame>
    <frame>
      <class>java.awt.LightweightDispatcher</class>
      <method>retargetMouseEvent</method>
      <line>4904</line>
    </frame>
    <frame>
      <class>java.awt.LightweightDispatcher</class>
      <method>processMouseEvent</method>
      <line>4535</line>
    </frame>
    <frame>
      <class>java.awt.LightweightDispatcher</class>
      <method>dispatchEvent</method>
      <line>4476</line>
    </frame>
    <frame>
      <class>java.awt.Container</class>
      <method>dispatchEventImpl</method>
      <line>2283</line>
    </frame>
    <frame>
      <class>java.awt.Window</class>
      <method>dispatchEventImpl</method>
      <line>2746</line>
    </frame>
    <frame>
      <class>java.awt.Component</class>
      <method>dispatchEvent</method>
      <line>4711</line>
    </frame>
    <frame>
      <class>java.awt.EventQueue</class>
      <method>dispatchEventImpl</method>
      <line>760</line>
    </frame>
    <frame>
      <class>java.awt.EventQueue</class>
      <method>access$500</method>
      <line>97</line>
    </frame>
    <frame>
      <class>java.awt.EventQueue$3</class>
      <method>run</method>
      <line>709</line>
    </frame>
    <frame>
      <class>java.awt.EventQueue$3</class>
      <method>run</method>
      <line>703</line>
    </frame>
    <frame>
      <class>java.security.AccessController</class>
      <method>doPrivileged</method>
    </frame>
    <frame>
      <class>java.security.ProtectionDomain$JavaSecurityAccessImpl</class>
      <method>doIntersectionPrivilege</method>
      <line>74</line>
    </frame>
    <frame>
      <class>java.security.ProtectionDomain$JavaSecurityAccessImpl</class>
      <method>doIntersectionPrivilege</method>
      <line>84</line>
    </frame>
    <frame>
      <class>java.awt.EventQueue$4</class>
      <method>run</method>
      <line>733</line>
    </frame>
    <frame>
      <class>java.awt.EventQueue$4</class>
      <method>run</method>
      <line>731</line>
    </frame>
    <frame>
      <class>java.security.AccessController</class>
      <method>doPrivileged</method>
    </frame>
    <frame>
      <class>java.security.ProtectionDomain$JavaSecurityAccessImpl</class>
      <method>doIntersectionPrivilege</method>
      <line>74</line>
    </frame>
    <frame>
      <class>java.awt.EventQueue</class>
      <method>dispatchEvent</method>
      <line>730</line>
    </frame>
    <frame>
      <class>java.awt.EventDispatchThread</class>
      <method>pumpOneEventForFilters</method>
      <line>205</line>
    </frame>
    <frame>
      <class>java.awt.EventDispatchThread</class>
      <method>pumpEventsForFilter</method>
      <line>116</line>
    </frame>
    <frame>
      <class>java.awt.EventDispatchThread</class>
      <method>pumpEventsForHierarchy</method>
      <line>105</line>
    </frame>
    <frame>
      <class>java.awt.EventDispatchThread</class>
      <method>pumpEvents</method>
      <line>101</line>
    </frame>
    <frame>
      <class>java.awt.EventDispatchThread</class>
      <method>pumpEvents</method>
      <line>93</line>
    </frame>
    <frame>
      <class>java.awt.EventDispatchThread</class>
      <method>run</method>
      <line>82</line>
    </frame>
  </exception>
</record>
</log>
<?xml version="1.0" encoding="UTF-8" standalone="no"?>
<!DOCTYPE log SYSTEM "logger.dtd">
<log>
<record>
  <date>2019-12-03T15:39:28</date>
  <millis>1575394768592</millis>
  <sequence>1</sequence>
  <logger>MYLOG</logger>
  <level>WARNING</level>
  <class>testeException.exemplo2.LogToFile</class>
  <method>log</method>
  <thread>15</thread>
  <message>You can't divide anything by zero</message>
  <exception>
    <message>java.lang.ArithmeticException: / by zero</message>
    <frame>
      <class>testeException.exemplo2.MainTestLogToFileOrigim$2</class>
      <method>actionPerformed</method>
      <line>59</line>
    </frame>
    <frame>
      <class>javax.swing.AbstractButton</class>
      <method>fireActionPerformed</method>
      <line>2022</line>
    </frame>
    <frame>
      <class>javax.swing.AbstractButton$Handler</class>
      <method>actionPerformed</method>
      <line>2348</line>
    </frame>
    <frame>
      <class>javax.swing.DefaultButtonModel</class>
      <method>fireActionPerformed</method>
      <line>402</line>
    </frame>
    <frame>
      <class>javax.swing.DefaultButtonModel</class>
      <method>setPressed</method>
      <line>259</line>
    </frame>
    <frame>
      <class>javax.swing.plaf.basic.BasicButtonListener</class>
      <method>mouseReleased</method>
      <line>252</line>
    </frame>
    <frame>
      <class>java.awt.Component</class>
      <method>processMouseEvent</method>
      <line>6539</line>
    </frame>
    <frame>
      <class>javax.swing.JComponent</class>
      <method>processMouseEvent</method>
      <line>3324</line>
    </frame>
    <frame>
      <class>java.awt.Component</class>
      <method>processEvent</method>
      <line>6304</line>
    </frame>
    <frame>
      <class>java.awt.Container</class>
      <method>processEvent</method>
      <line>2239</line>
    </frame>
    <frame>
      <class>java.awt.Component</class>
      <method>dispatchEventImpl</method>
      <line>4889</line>
    </frame>
    <frame>
      <class>java.awt.Container</class>
      <method>dispatchEventImpl</method>
      <line>2297</line>
    </frame>
    <frame>
      <class>java.awt.Component</class>
      <method>dispatchEvent</method>
      <line>4711</line>
    </frame>
    <frame>
      <class>java.awt.LightweightDispatcher</class>
      <method>retargetMouseEvent</method>
      <line>4904</line>
    </frame>
    <frame>
      <class>java.awt.LightweightDispatcher</class>
      <method>processMouseEvent</method>
      <line>4535</line>
    </frame>
    <frame>
      <class>java.awt.LightweightDispatcher</class>
      <method>dispatchEvent</method>
      <line>4476</line>
    </frame>
    <frame>
      <class>java.awt.Container</class>
      <method>dispatchEventImpl</method>
      <line>2283</line>
    </frame>
    <frame>
      <class>java.awt.Window</class>
      <method>dispatchEventImpl</method>
      <line>2746</line>
    </frame>
    <frame>
      <class>java.awt.Component</class>
      <method>dispatchEvent</method>
      <line>4711</line>
    </frame>
    <frame>
      <class>java.awt.EventQueue</class>
      <method>dispatchEventImpl</method>
      <line>760</line>
    </frame>
    <frame>
      <class>java.awt.EventQueue</class>
      <method>access$500</method>
      <line>97</line>
    </frame>
    <frame>
      <class>java.awt.EventQueue$3</class>
      <method>run</method>
      <line>709</line>
    </frame>
    <frame>
      <class>java.awt.EventQueue$3</class>
      <method>run</method>
      <line>703</line>
    </frame>
    <frame>
      <class>java.security.AccessController</class>
      <method>doPrivileged</method>
    </frame>
    <frame>
      <class>java.security.ProtectionDomain$JavaSecurityAccessImpl</class>
      <method>doIntersectionPrivilege</method>
      <line>74</line>
    </frame>
    <frame>
      <class>java.security.ProtectionDomain$JavaSecurityAccessImpl</class>
      <method>doIntersectionPrivilege</method>
      <line>84</line>
    </frame>
    <frame>
      <class>java.awt.EventQueue$4</class>
      <method>run</method>
      <line>733</line>
    </frame>
    <frame>
      <class>java.awt.EventQueue$4</class>
      <method>run</method>
      <line>731</line>
    </frame>
    <frame>
      <class>java.security.AccessController</class>
      <method>doPrivileged</method>
    </frame>
    <frame>
      <class>java.security.ProtectionDomain$JavaSecurityAccessImpl</class>
      <method>doIntersectionPrivilege</method>
      <line>74</line>
    </frame>
    <frame>
      <class>java.awt.EventQueue</class>
      <method>dispatchEvent</method>
      <line>730</line>
    </frame>
    <frame>
      <class>java.awt.EventDispatchThread</class>
      <method>pumpOneEventForFilters</method>
      <line>205</line>
    </frame>
    <frame>
      <class>java.awt.EventDispatchThread</class>
      <method>pumpEventsForFilter</method>
      <line>116</line>
    </frame>
    <frame>
      <class>java.awt.EventDispatchThread</class>
      <method>pumpEventsForHierarchy</method>
      <line>105</line>
    </frame>
    <frame>
      <class>java.awt.EventDispatchThread</class>
      <method>pumpEvents</method>
      <line>101</line>
    </frame>
    <frame>
      <class>java.awt.EventDispatchThread</class>
      <method>pumpEvents</method>
      <line>93</line>
    </frame>
    <frame>
      <class>java.awt.EventDispatchThread</class>
      <method>run</method>
      <line>82</line>
    </frame>
  </exception>
</record>
</log>
<?xml version="1.0" encoding="UTF-8" standalone="no"?>
<!DOCTYPE log SYSTEM "logger.dtd">
<log>
<record>
  <date>2019-12-03T15:42:16</date>
  <millis>1575394936986</millis>
  <sequence>0</sequence>
  <logger>MYLOG</logger>
  <level>SEVERE</level>
  <class>testeException.exemplo2.LogToFile</class>
  <method>log</method>
  <thread>15</thread>
  <message>You can't divide anything by zero</message>
  <exception>
    <message>java.lang.ArithmeticException: / by zero</message>
    <frame>
      <class>testeException.exemplo2.MainTestLogToFileOrigim$1</class>
      <method>actionPerformed</method>
      <line>44</line>
    </frame>
    <frame>
      <class>javax.swing.AbstractButton</class>
      <method>fireActionPerformed</method>
      <line>2022</line>
    </frame>
    <frame>
      <class>javax.swing.AbstractButton$Handler</class>
      <method>actionPerformed</method>
      <line>2348</line>
    </frame>
    <frame>
      <class>javax.swing.DefaultButtonModel</class>
      <method>fireActionPerformed</method>
      <line>402</line>
    </frame>
    <frame>
      <class>javax.swing.DefaultButtonModel</class>
      <method>setPressed</method>
      <line>259</line>
    </frame>
    <frame>
      <class>javax.swing.plaf.basic.BasicButtonListener</class>
      <method>mouseReleased</method>
      <line>252</line>
    </frame>
    <frame>
      <class>java.awt.Component</class>
      <method>processMouseEvent</method>
      <line>6539</line>
    </frame>
    <frame>
      <class>javax.swing.JComponent</class>
      <method>processMouseEvent</method>
      <line>3324</line>
    </frame>
    <frame>
      <class>java.awt.Component</class>
      <method>processEvent</method>
      <line>6304</line>
    </frame>
    <frame>
      <class>java.awt.Container</class>
      <method>processEvent</method>
      <line>2239</line>
    </frame>
    <frame>
      <class>java.awt.Component</class>
      <method>dispatchEventImpl</method>
      <line>4889</line>
    </frame>
    <frame>
      <class>java.awt.Container</class>
      <method>dispatchEventImpl</method>
      <line>2297</line>
    </frame>
    <frame>
      <class>java.awt.Component</class>
      <method>dispatchEvent</method>
      <line>4711</line>
    </frame>
    <frame>
      <class>java.awt.LightweightDispatcher</class>
      <method>retargetMouseEvent</method>
      <line>4904</line>
    </frame>
    <frame>
      <class>java.awt.LightweightDispatcher</class>
      <method>processMouseEvent</method>
      <line>4535</line>
    </frame>
    <frame>
      <class>java.awt.LightweightDispatcher</class>
      <method>dispatchEvent</method>
      <line>4476</line>
    </frame>
    <frame>
      <class>java.awt.Container</class>
      <method>dispatchEventImpl</method>
      <line>2283</line>
    </frame>
    <frame>
      <class>java.awt.Window</class>
      <method>dispatchEventImpl</method>
      <line>2746</line>
    </frame>
    <frame>
      <class>java.awt.Component</class>
      <method>dispatchEvent</method>
      <line>4711</line>
    </frame>
    <frame>
      <class>java.awt.EventQueue</class>
      <method>dispatchEventImpl</method>
      <line>760</line>
    </frame>
    <frame>
      <class>java.awt.EventQueue</class>
      <method>access$500</method>
      <line>97</line>
    </frame>
    <frame>
      <class>java.awt.EventQueue$3</class>
      <method>run</method>
      <line>709</line>
    </frame>
    <frame>
      <class>java.awt.EventQueue$3</class>
      <method>run</method>
      <line>703</line>
    </frame>
    <frame>
      <class>java.security.AccessController</class>
      <method>doPrivileged</method>
    </frame>
    <frame>
      <class>java.security.ProtectionDomain$JavaSecurityAccessImpl</class>
      <method>doIntersectionPrivilege</method>
      <line>74</line>
    </frame>
    <frame>
      <class>java.security.ProtectionDomain$JavaSecurityAccessImpl</class>
      <method>doIntersectionPrivilege</method>
      <line>84</line>
    </frame>
    <frame>
      <class>java.awt.EventQueue$4</class>
      <method>run</method>
      <line>733</line>
    </frame>
    <frame>
      <class>java.awt.EventQueue$4</class>
      <method>run</method>
      <line>731</line>
    </frame>
    <frame>
      <class>java.security.AccessController</class>
      <method>doPrivileged</method>
    </frame>
    <frame>
      <class>java.security.ProtectionDomain$JavaSecurityAccessImpl</class>
      <method>doIntersectionPrivilege</method>
      <line>74</line>
    </frame>
    <frame>
      <class>java.awt.EventQueue</class>
      <method>dispatchEvent</method>
      <line>730</line>
    </frame>
    <frame>
      <class>java.awt.EventDispatchThread</class>
      <method>pumpOneEventForFilters</method>
      <line>205</line>
    </frame>
    <frame>
      <class>java.awt.EventDispatchThread</class>
      <method>pumpEventsForFilter</method>
      <line>116</line>
    </frame>
    <frame>
      <class>java.awt.EventDispatchThread</class>
      <method>pumpEventsForHierarchy</method>
      <line>105</line>
    </frame>
    <frame>
      <class>java.awt.EventDispatchThread</class>
      <method>pumpEvents</method>
      <line>101</line>
    </frame>
    <frame>
      <class>java.awt.EventDispatchThread</class>
      <method>pumpEvents</method>
      <line>93</line>
    </frame>
    <frame>
      <class>java.awt.EventDispatchThread</class>
      <method>run</method>
      <line>82</line>
    </frame>
  </exception>
</record>
</log>
<?xml version="1.0" encoding="UTF-8" standalone="no"?>
<!DOCTYPE log SYSTEM "logger.dtd">
<log>
<record>
  <date>2019-12-03T15:44:16</date>
  <millis>1575395056621</millis>
  <sequence>0</sequence>
  <logger>MYLOG</logger>
  <level>SEVERE</level>
  <class>testeException.exemplo2.LogToFile</class>
  <method>log</method>
  <thread>1</thread>
  <message>Didn't do it.</message>
  <exception>
    <message>java.lang.Exception</message>
    <frame>
      <class>testeException.exemplo1.MainTestFormatter</class>
      <method>main</method>
      <line>12</line>
    </frame>
  </exception>
</record>
</log>
<?xml version="1.0" encoding="UTF-8" standalone="no"?>
<!DOCTYPE log SYSTEM "logger.dtd">
<log>
<record>
  <date>2019-12-03T15:44:58</date>
  <millis>1575395098140</millis>
  <sequence>0</sequence>
  <logger>MYLOG</logger>
  <level>SEVERE</level>
  <class>testeException.exemplo2.LogToFile</class>
  <method>log</method>
  <thread>1</thread>
  <message>Didn't do it.</message>
  <exception>
    <message>java.lang.Exception</message>
    <frame>
      <class>testeException.exemplo1.MainTestFormatter</class>
      <method>main</method>
      <line>12</line>
    </frame>
  </exception>
</record>
</log>
<?xml version="1.0" encoding="UTF-8" standalone="no"?>
<!DOCTYPE log SYSTEM "logger.dtd">
<log>
<record>
  <date>2019-12-03T15:45:24</date>
  <millis>1575395124578</millis>
  <sequence>0</sequence>
  <logger>MYLOG</logger>
  <level>SEVERE</level>
  <class>testeException.exemplo2.LogToFile</class>
  <method>log</method>
  <thread>1</thread>
  <message>Didn't do it.</message>
  <exception>
    <message>java.lang.Exception</message>
    <frame>
      <class>testeException.exemplo1.MainTestFormatter</class>
      <method>main</method>
      <line>12</line>
    </frame>
  </exception>
</record>
</log>
<?xml version="1.0" encoding="UTF-8" standalone="no"?>
<!DOCTYPE log SYSTEM "logger.dtd">
<log>
<record>
  <date>2019-12-03T15:46:06</date>
  <millis>1575395166078</millis>
  <sequence>0</sequence>
  <logger>MYLOG</logger>
  <level>SEVERE</level>
  <class>testeException.exemplo2.LogToFile</class>
  <method>log</method>
  <thread>1</thread>
  <message>Didn't do it.</message>
  <exception>
    <message>java.lang.ArithmeticException</message>
    <frame>
      <class>testeException.exemplo1.MainTestFormatter</class>
      <method>main</method>
      <line>12</line>
    </frame>
  </exception>
</record>
</log>
<?xml version="1.0" encoding="UTF-8" standalone="no"?>
<!DOCTYPE log SYSTEM "logger.dtd">
<log>
<record>
  <date>2019-12-03T15:46:27</date>
  <millis>1575395187043</millis>
  <sequence>0</sequence>
  <logger>MYLOG</logger>
  <level>SEVERE</level>
  <class>testeException.exemplo2.LogToFile</class>
  <method>log</method>
  <thread>1</thread>
  <message>Didn't do it.</message>
  <exception>
    <message>java.lang.ArithmeticException</message>
    <frame>
      <class>testeException.exemplo1.MainTestFormatter</class>
      <method>main</method>
      <line>12</line>
    </frame>
  </exception>
</record>
</log>
